scenario,event_id,t0_us,t1_us,t2_us,t3_us,t4_us,status
S4,121,284227829,284227830,284227830,284229884,284232664,ok
S4,122,286015649,286015650,286015651,286015669,286018448,ok
S4,123,287335646,287335647,287335647,287335666,287338442,ok
S4,124,289137251,289137252,289137252,289139884,289142664,ok
S4,125,290969257,290969258,290969258,290969881,290972661,ok
S4,126,292803231,292803232,292803232,292803251,292806030,ok
S4,127,294476456,294476457,294476458,294476477,294479255,ok
S4,128,296562907,296562908,296562909,296562928,296565703,ok
S4,129,298583317,298583318,298583318,298583337,298586116,ok
S4,130,300301065,300301066,300301066,300301085,300303862,ok
S4,131,302233162,302233163,302233163,302233182,302235961,ok
S4,132,304743124,304743126,304743126,304743145,304745923,ok
S4,133,306419926,306419927,306419928,306419947,306422724,ok
S4,134,308024670,308024672,308024672,308024691,308027470,ok
S4,135,309607412,309607414,309607414,309609884,309612664,ok
S4,136,311705327,311705328,311705329,311705348,311708125,ok
S4,137,313727175,313727177,313727177,313729883,313732663,ok
S4,138,315552158,315552159,315552159,315552178,315554955,ok
S4,139,317139996,317139997,317139997,317140016,317142792,ok
S4,140,318845461,318845463,318845463,318845482,318848258,ok
S4,141,320332107,320332109,320332109,320332128,320334903,ok
S4,142,321613054,321613055,321613055,321613074,321615850,ok
S4,143,323313830,323313831,323313831,323313850,323316627,ok
S4,144,325087323,325087324,325087324,325089881,325092661,ok
S4,145,326634601,326634603,326634603,326634622,326637399,ok
S4,146,328432427,328432429,328432429,328432448,328435225,ok
S4,147,330111257,330111259,330111259,330111278,330114054,ok
S4,148,332159318,332159319,332159319,332159883,332162663,ok
S4,149,333586819,333586820,333586820,333586839,333589617,ok
S4,150,335212377,335212379,335212379,335212398,335215176,ok
